{"_wandb":{"runtime":738},"Training Reward":0.24940621852874756,"_timestamp":1.7382664070905006e+09,"_runtime":738.4528386,"_step":94207}